command,launch_speed,stop,target,perceived,tipped,start,origin,track
2.81829,,0.85100,0.51965,0.50311,0,0.00000,log,-0.0022 0.0840 0.1593 0.2291 0.2989 0.3555 0.4108 0.4657 0.5165 0.5643 0.6078 0.6466 0.6813 0.7104 0.7417 0.7695 0.7905 0.8059 0.8228 0.8348 0.8419 0.8485 0.8474 0.8502 0.8488 0.8467 0.8459 0.8505 0.8449 0.8480 0.8463 0.8489 0.8467 0.8481 0.8480 0.8496 0.8485 0.8473 0.8505 0.8479 0.8479 0.8453 0.8471 0.8460 0.8459 0.8465 0.8460 0.8457 0.8461 0.8493 0.8489 0.8458 0.8490 0.8455 0.8506 0.8467 0.8473 0.8480 0.8487 0.8465 0.8487 0.8514 0.8469 0.8482 0.8483 0.8482 0.8464 0.8496 0.8473 0.8475 0.8467 0.8477 0.8502 0.8486 0.8452 0.8470
2.24711,,0.46020,0.33036,0.32055,0,0.00000,log,0.0022 0.0647 0.1244 0.1794 0.2260 0.2694 0.3056 0.3331 0.3635 0.3860 0.4074 0.4262 0.4397 0.4488 0.4562 0.4591 0.4604 0.4610 0.4607 0.4597 0.4602 0.4612 0.4586 0.4620 0.4589 0.4615 0.4598 0.4607 0.4619 0.4598 0.4596 0.4623 0.4614 0.4579 0.4601 0.4597 0.4591 0.4589 0.4586 0.4615 0.4623 0.4588 0.4605 0.4599 0.4596 0.4605 0.4598 0.4617 0.4601 0.4621 0.4595 0.4590 0.4611 0.4628 0.4616 0.4591 0.4621 0.4593 0.4594 0.4615 0.4591 0.4598 0.4616 0.4632 0.4591 0.4601 0.4594 0.4613 0.4621 0.4575 0.4614 0.4590 0.4603 0.4622 0.4617 0.4599
2.12775,,0.38900,0.29620,0.29280,0,0.00000,log,0.0006 0.0645 0.1196 0.1673 0.2125 0.2513 0.2830 0.3066 0.3297 0.3487 0.3606 0.3751 0.3837 0.3885 0.3888 0.3888 0.3906 0.3887 0.3905 0.3895 0.3900 0.3887 0.3885 0.3909 0.3892 0.3901 0.3863 0.3888 0.3902 0.3894 0.3871 0.3907 0.3894 0.3854 0.3893 0.3877 0.3890 0.3909 0.3901 0.3872 0.3883 0.3942 0.3869 0.3902 0.3901 0.3907 0.3883 0.3887 0.3896 0.3888 0.3900 0.3911 0.3875 0.3888 0.3888 0.3926 0.3873 0.3906 0.3899 0.3886 0.3879 0.3882 0.3895 0.3900 0.3878 0.3899 0.3913 0.3906 0.3923 0.3897 0.3890 0.3909 0.3885 0.3895 0.3880 0.3908
2.84361,,0.86080,0.52902,0.51535,0,0.00000,log,0.0016 0.0836 0.1635 0.2349 0.2999 0.3632 0.4186 0.4762 0.5216 0.5709 0.6145 0.6547 0.6916 0.7215 0.7511 0.7796 0.8024 0.8209 0.8386 0.8517 0.8574 0.8636 0.8648 0.8654 0.8641 0.8631 0.8654 0.8682 0.8650 0.8649 0.8654 0.8646 0.8631 0.8644 0.8624 0.8652 0.8647 0.8672 0.8670 0.8645 0.8642 0.8669 0.8650 0.8645 0.8659 0.8641 0.8683 0.8637 0.8656 0.8672 0.8633 0.8634 0.8675 0.8641 0.8661 0.8647 0.8638 0.8669 0.8653 0.8672 0.8629 0.8640 0.8668 0.8627 0.8653 0.8642 0.8662 0.8637 0.8651 0.8680 0.8651 0.8662 0.8644 0.8664 0.8672 0.8637
1.93919,,0.29120,0.24603,0.23798,0,0.00000,log,-0.0009 0.0554 0.1055 0.1493 0.1866 0.2223 0.2478 0.2680 0.2836 0.2924 0.2927 0.2935 0.2921 0.2910 0.2923 0.2924 0.2916 0.2932 0.2894 0.2931 0.2920 0.2933 0.2914 0.2923 0.2925 0.2893 0.2910 0.2930 0.2909 0.2886 0.2915 0.2940 0.2914 0.2895 0.2923 0.2908 0.2925 0.2915 0.2930 0.2932 0.2947 0.2928 0.2924 0.2913 0.2910 0.2937 0.2918 0.2930 0.2928 0.2913 0.2929 0.2931 0.2945 0.2914 0.2930 0.2924 0.2935 0.2956 0.2912 0.2911 0.2912 0.2939 0.2934 0.2925 0.2922 0.2920 0.2882 0.2911 0.2891 0.2935 0.2872 0.2928 0.2926 0.2913 0.2921 0.2942
2.44309,,0.58840,0.39049,0.38144,0,0.00000,log,0.0015 0.0726 0.1356 0.1936 0.2527 0.2953 0.3423 0.3809 0.4168 0.4488 0.4780 0.5018 0.5234 0.5428 0.5569 0.5690 0.5739 0.5804 0.5816 0.5804 0.5813 0.5826 0.5832 0.5827 0.5811 0.5797 0.5833 0.5818 0.5804 0.5818 0.5818 0.5805 0.5824 0.5832 0.5801 0.5800 0.5838 0.5825 0.5818 0.5825 0.5819 0.5829 0.5813 0.5847 0.5814 0.5853 0.5818 0.5826 0.5806 0.5823 0.5827 0.5825 0.5826 0.5827 0.5831 0.5844 0.5822 0.5828 0.5854 0.5817 0.5836 0.5830 0.5812 0.5815 0.5839 0.5812 0.5821 0.5816 0.5824 0.5804 0.5807 0.5820 0.5830 0.5802 0.5815 0.5811
2.54321,,0.64880,0.42316,0.41020,0,0.00000,log,0.0001 0.0719 0.1409 0.2040 0.2631 0.3145 0.3575 0.3997 0.4428 0.4786 0.5113 0.5394 0.5671 0.5882 0.6073 0.6216 0.6350 0.6415 0.6468 0.6463 0.6472 0.6478 0.6456 0.6496 0.6485 0.6469 0.6483 0.6485 0.6511 0.6474 0.6495 0.6469 0.6487 0.6490 0.6484 0.6494 0.6473 0.6479 0.6497 0.6483 0.6484 0.6483 0.6506 0.6485 0.6482 0.6484 0.6490 0.6517 0.6483 0.6478 0.6465 0.6496 0.6465 0.6479 0.6510 0.6499 0.6464 0.6505 0.6508 0.6498 0.6493 0.6476 0.6480 0.6516 0.6479 0.6486 0.6499 0.6499 0.6484 0.6471 0.6503 0.6475 0.6503 0.6495 0.6498 0.6496
2.60665,,0.69320,0.44453,0.43460,0,0.00000,log,-0.0001 0.0765 0.1488 0.2115 0.2721 0.3242 0.3729 0.4167 0.4609 0.4993 0.5348 0.5631 0.5923 0.6158 0.6359 0.6585 0.6713 0.6816 0.6890 0.6935 0.6923 0.6918 0.6937 0.6947 0.6908 0.6931 0.6915 0.6929 0.6919 0.6935 0.6935 0.6916 0.6922 0.6944 0.6909 0.6933 0.6951 0.6935 0.6936 0.6954 0.6928 0.6934 0.6928 0.6965 0.6934 0.6923 0.6966 0.6956 0.6927 0.6938 0.6924 0.6927 0.6915 0.6914 0.6923 0.6922 0.6914 0.6938 0.6916 0.6900 0.6933 0.6940 0.6952 0.6957 0.6912 0.6921 0.6927 0.6909 0.6926 0.6929 0.6927 0.6909 0.6954 0.6906 0.6934 0.6929
1.98654,,0.30650,0.25819,0.25266,0,0.00000,log,-0.0009 0.0577 0.1080 0.1555 0.1955 0.2282 0.2552 0.2763 0.2916 0.3003 0.3088 0.3139 0.3128 0.3143 0.3107 0.3093 0.3063 0.3124 0.3106 0.3082 0.3112 0.3104 0.3106 0.3124 0.3119 0.3098 0.3107 0.3095 0.3104 0.3122 0.3104 0.3116 0.3101 0.3097 0.3093 0.3095 0.3123 0.3100 0.3122 0.3095 0.3095 0.3090 0.3089 0.3105 0.3121 0.3135 0.3117 0.3098 0.3106 0.3134 0.3103 0.3113 0.3120 0.3121 0.3103 0.3122 0.3106 0.3106 0.3142 0.3131 0.3103 0.3088 0.3107 0.3096 0.3136 0.3125 0.3152 0.3094 0.3108 0.3136 0.3115 0.3093 0.3114 0.3086 0.3118 0.3093
2.62922,,0.71360,0.45226,0.44078,0,0.00000,log,-0.0016 0.0751 0.1490 0.2131 0.2738 0.3267 0.3773 0.4228 0.4678 0.5045 0.5409 0.5747 0.6035 0.6292 0.6486 0.6717 0.6843 0.6971 0.7081 0.7111 0.7092 0.7093 0.7129 0.7115 0.7109 0.7115 0.7106 0.7077 0.7087 0.7092 0.7109 0.7118 0.7106 0.7097 0.7095 0.7094 0.7079 0.7115 0.7104 0.7091 0.7108 0.7079 0.7107 0.7128 0.7084 0.7127 0.7116 0.7088 0.7119 0.7125 0.7128 0.7107 0.7108 0.7100 0.7116 0.7105 0.7124 0.7095 0.7114 0.7112 0.7108 0.7104 0.7087 0.7101 0.7113 0.7115 0.7092 0.7083 0.7103 0.7109 0.7093 0.7123 0.7113 0.7089 0.7110 0.7106
2.47341,,0.60430,0.40025,0.38645,0,0.00000,log,-0.0002 0.0715 0.1378 0.1984 0.2542 0.3023 0.3452 0.3902 0.4244 0.4541 0.4877 0.5148 0.5382 0.5579 0.5753 0.5827 0.5983 0.6019 0.6035 0.6013 0.6049 0.6017 0.6048 0.6043 0.6012 0.6016 0.6001 0.6024 0.6027 0.6012 0.6029 0.6018 0.5985 0.6021 0.6016 0.6045 0.6018 0.6025 0.6025 0.6003 0.6014 0.6017 0.6029 0.6030 0.6038 0.5994 0.6033 0.6020 0.6027 0.6033 0.6029 0.6034 0.6032 0.6017 0.6062 0.6031 0.6054 0.6048 0.6048 0.6037 0.6024 0.6038 0.6013 0.6006 0.6017 0.6019 0.6031 0.6026 0.6025 0.6049 0.6028 0.6050 0.6039 0.6021 0.6038 0.6015
2.87414,,0.89550,0.54045,0.52697,0,0.00000,log,0.0016 0.0861 0.1637 0.2369 0.3067 0.3658 0.4264 0.4797 0.5317 0.5785 0.6222 0.6653 0.7052 0.7376 0.7674 0.7959 0.8190 0.8403 0.8564 0.8697 0.8798 0.8856 0.8906 0.8930 0.8909 0.8923 0.8900 0.8905 0.8892 0.8909 0.8881 0.8906 0.8941 0.8908 0.8907 0.8902 0.8887 0.8883 0.8901 0.8879 0.8901 0.8927 0.8912 0.8922 0.8903 0.8890 0.8884 0.8898 0.8930 0.8916 0.8901 0.8907 0.8913 0.8879 0.8904 0.8899 0.8919 0.8930 0.8885 0.8899 0.8894 0.8893 0.8887 0.8879 0.8896 0.8914 0.8897 0.8906 0.8887 0.8900 0.8881 0.8906 0.8918 0.8906 0.8901 0.8893
1.79730,,0.24510,0.21134,0.20485,0,0.00000,log,-0.0000 0.0535 0.0969 0.1371 0.1689 0.1964 0.2225 0.2370 0.2474 0.2523 0.2469 0.2511 0.2510 0.2520 0.2505 0.2508 0.2507 0.2520 0.2517 0.2508 0.2477 0.2501 0.2504 0.2506 0.2500 0.2524 0.2511 0.2500 0.2494 0.2517 0.2490 0.2524 0.2515 0.2485 0.2513 0.2507 0.2478 0.2535 0.2510 0.2507 0.2507 0.2490 0.2530 0.2482 0.2505 0.2501 0.2526 0.2512 0.2513 0.2517 0.2521 0.2518 0.2500 0.2512 0.2513 0.2492 0.2521 0.2491 0.2521 0.2514 0.2508 0.2519 0.2498 0.2525 0.2514 0.2524 0.2489 0.2484 0.2482 0.2522 0.2514 0.2498 0.2482 0.2481 0.2517 0.2508
2.98482,,0.97150,0.58287,0.56701,0,0.00000,log,-0.0014 0.0853 0.1692 0.2456 0.3152 0.3844 0.4452 0.5064 0.5614 0.6151 0.6640 0.7069 0.7479 0.7862 0.8227 0.8505 0.8793 0.9044 0.9259 0.9407 0.9559 0.9648 0.9738 0.9753 0.9761 0.9796 0.9776 0.9778 0.9780 0.9783 0.9779 0.9767 0.9770 0.9792 0.9779 0.9773 0.9756 0.9791 0.9778 0.9781 0.9764 0.9756 0.9793 0.9771 0.9772 0.9774 0.9786 0.9775 0.9776 0.9772 0.9783 0.9763 0.9753 0.9764 0.9803 0.9776 0.9770 0.9777 0.9788 0.9786 0.9795 0.9761 0.9784 0.9791 0.9756 0.9774 0.9767 0.9746 0.9760 0.9791 0.9774 0.9785 0.9782 0.9783 0.9791 0.9753
1.50000,,0.17010,,,0,0.00000,log,-0.0010 0.0410 0.0787 0.1118 0.1342 0.1562 0.1644 0.1726 0.1765 0.1731 0.1733 0.1753 0.1709 0.1765 0.1736 0.1722 0.1720 0.1748 0.1733 0.1753 0.1751 0.1736 0.1765 0.1772 0.1758 0.1737 0.1756 0.1727 0.1735 0.1737 0.1748 0.1731 0.1730 0.1730 0.1747 0.1754 0.1740 0.1742 0.1741 0.1754 0.1721 0.1770 0.1758 0.1748 0.1751 0.1754 0.1735 0.1738 0.1740 0.1735 0.1726 0.1742 0.1723 0.1725 0.1741 0.1754 0.1730 0.1754 0.1744 0.1742 0.1748 0.1731 0.1753 0.1740 0.1759 0.1752 0.1749 0.1736 0.1729 0.1719 0.1733 0.1722 0.1738 0.1740 0.1763 0.1740
2.00000,,0.31990,,,0,0.00000,log,0.0008 0.0562 0.1111 0.1561 0.1970 0.2293 0.2605 0.2806 0.2938 0.3063 0.3182 0.3183 0.3183 0.3178 0.3184 0.3185 0.3177 0.3167 0.3211 0.3145 0.3194 0.3200 0.3148 0.3179 0.3221 0.3170 0.3196 0.3184 0.3173 0.3175 0.3181 0.3218 0.3198 0.3196 0.3175 0.3203 0.3190 0.3174 0.3161 0.3189 0.3179 0.3186 0.3202 0.3167 0.3177 0.3166 0.3161 0.3206 0.3185 0.3205 0.3203 0.3175 0.3195 0.3192 0.3185 0.3178 0.3191 0.3168 0.3191 0.3197 0.3206 0.3181 0.3177 0.3179 0.3192 0.3191 0.3156 0.3185 0.3186 0.3204 0.3170 0.3192 0.3168 0.3153 0.3192 0.3172
2.50000,,0.62770,,,0,0.00000,log,-0.0009 0.0734 0.1411 0.2011 0.2569 0.3068 0.3534 0.3926 0.4330 0.4659 0.4953 0.5231 0.5493 0.5691 0.5857 0.6013 0.6110 0.6174 0.6220 0.6192 0.6208 0.6233 0.6204 0.6204 0.6185 0.6197 0.6220 0.6186 0.6206 0.6215 0.6194 0.6192 0.6211 0.6187 0.6211 0.6193 0.6211 0.6226 0.6244 0.6216 0.6221 0.6184 0.6192 0.6223 0.6200 0.6219 0.6170 0.6197 0.6197 0.6217 0.6191 0.6213 0.6210 0.6213 0.6183 0.6199 0.6182 0.6210 0.6214 0.6192 0.6223 0.6205 0.6218 0.6217 0.6195 0.6201 0.6207 0.6192 0.6217 0.6209 0.6192 0.6213 0.6215 0.6213 0.6212 0.6192
2.90000,,0.91550,,,0,0.00000,log,-0.0014 0.0848 0.1658 0.2397 0.3052 0.3700 0.4293 0.4846 0.5341 0.5895 0.6358 0.6776 0.7156 0.7523 0.7786 0.8096 0.8385 0.8569 0.8748 0.8884 0.9039 0.9061 0.9114 0.9112 0.9130 0.9136 0.9143 0.9116 0.9123 0.9151 0.9127 0.9135 0.9131 0.9156 0.9159 0.9126 0.9135 0.9110 0.9123 0.9099 0.9129 0.9115 0.9115 0.9140 0.9126 0.9133 0.9102 0.9130 0.9093 0.9139 0.9091 0.9119 0.9136 0.9117 0.9120 0.9117 0.9136 0.9143 0.9116 0.9113 0.9134 0.9118 0.9115 0.9129 0.9158 0.9138 0.9132 0.9131 0.9120 0.9138 0.9138 0.9103 0.9144 0.9105 0.9126 0.9148
